{
  "qc_level": "PASS",
  "qc_score": 85,
  "metrics": {
    "blur_lap_var": 2793.821196800093,
    "p_white": 0.41824060044399025,
    "p_black": 0.0,
    "contrast_p95_p5": 78.0,
    "max_glare_blob_ratio": 0.00024225659818880157,
    "skew_deg": 0.0,
    "doc_fill": 0.9970137717819,
    "ink_ratio": 0.2397481412311921,
    "quad_confidence": 1.0
  },
  "reasons": [],
  "retake_prompt": "",
  "mode_avion_expected": true
}